"","V1"
"1","13"
"2","4,61,204,231,237,367,546"
"3","4,20,222,405,413,470,510,548,585,599,658,687"
"4","2,3,34,50,52,56,57,58,61,66,68,84,90,98,113,118,129,138,147,155,158,160,169,178,183,189,190,203,204,222,237,253,255,257,264,266,273,276,278,291,355,363,391,395,408,418,419,428,429,450,453,459,462,500,507,510,522,523,545,551,557,568,576,578,582,615,630,652,665"
"5","21,22,30,31,38,39,53,54,71,86,91,94,118,121,123,126,128,130,131,141,144,150,157,158,163,165,172,177,179,181,182,184,185,186,197,200,211,212,213,214,231,233,234,237,243,247,265,270,275,277,288,299,304,310,313,316,319,322,326,327,328,343,354,364,365,367,368,374,381,382,387,389,396,397,398,402,404,405,407,414,416,422,424,425,431,434,437,444,447,452,465,479,483,485,486,491,504,508,511,519,530,537,542,558,565,574,576,580,586,589,603,605,609,619,626,627,639,640,641,644,646,647,648,651,655,662,664,670,672,674,682,694,696,698,702,703,705,707,711,713,722,724"
"6","14,63,245"
"7","11,27,34,38,50,52,61,64,66,71,73,84,90,95,98,101,102,105,112,113,129,135,138,142,145,147,160,168,169,176,183,188,189,200,203,217,224,227,237,253,256,264,269,273,280,286,292,309,327,337,345,349,363,383,391,419,428,430,439,443,450,456,458,462,463,468,470,471,472,475,481,489,503,507,510,536,543,545,562,564,569,571,573,578,628,629,634,638,642,652,658,663,673,678,685"
"8","91,301,405,466,492,660"
"9","27,39,50,59,84,107,110,144,176,188,189,204,205,206,219,237,253,255,278,301,309,337,353,400,439,450,462,509,517,543,560,591,599,634,642,651,664,666,687,700"
"10","149,237"
"11","7,9,20,27,36,50,51,52,59,84,98,113,138,140,147,160,161,163,169,176,184,188,208,221,232,237,255,269,273,278,280,281,327,337,349,391,408,423,439,441,451,453,458,462,470,472,479,489,501,507,510,521,523,538,557,569,571,604,620,652,663,693"
"12","241,245"
"13","1"
"14","6,45,77,148,411"
"15","292,409,419"
"16","38,296,553,611"
"17","58,102,140,195,608"
"18","124,211,249,384,439,479,604,661,719"
"19","39,86,367,543,609,616,686"
"20","3,11,34,52,56,73,84,95,98,113,124,129,140,142,147,160,169,183,189,253,255,264,269,281,327,372,383,394,439,460,468,523,548,568,638,652,658"
"21","5,54,130,150,177,179,185,213,231,234,236,237,243,244,265,277,326,350,367,378,414,424,425,447,452,470,627,694"
"22","5,30,54,130,150,174,231,277,326,367,425,426,434,580,637,703"
"23","118"
"24",""
"25","68"
"26","38,51,102,169,204,237,253,263,264,316,337,379,419,421,439,456,489,507,551,577,631,664,670"
"27","7,9,11,34,98,113,141,160,183,189,203,237,301,391,405,423,439,443,489,595,604,634,655,662,675"
"28","50,73,95,98,142,144,170,183,188,189,203,217,255,302,315,360,383,428,439,445,459,523,645,652,675,681,689"
"29","52,73,84,95,98,138,147,152,160,188,203,255,267,349,428,439,514,521,568,585,658,673"
"30","5,22,53,54,71,121,123,130,131,133,141,150,157,165,172,174,177,182,185,213,218,231,233,236,237,265,275,277,304,313,316,319,326,328,334,339,364,367,382,398,407,416,422,424,425,434,444,447,508,530,554,565,574,580,606,633,651,672,674,682,703,705,713"
"31","496,498,596"
"32","194,289,309,327,463,576,631"
"33","81"
"34","4,7,20,27,37,42,47,50,52,58,59,61,64,68,73,84,90,95,98,101,108,113,126,138,140,142,145,147,155,158,160,168,169,183,188,189,194,195,199,203,222,253,255,256,278,279,309,316,345,363,381,391,394,419,428,439,450,456,459,462,468,471,472,479,489,507,516,521,523,533,536,541,548,553,555,569,571,573,575,576,578,579,602,629,642,643,652,658,673,676,679,686,687,689"
"35","269,392,663"
"36","11,37,50,75,95,138,169,188,255,384,507,519,522,553,648,652,684"
"37","34,36,49,50,59,237,253,345,357,363,381,439,471,545,555,568"
"38","5,7,16,18,26,39,40,43,44,50,51,54,56,59,64,93,94,96,101,104,108,125,130,131,132,142,147,150,151,152,163,170,176,182,185,186,188,194,203,208,227,237,253,265,270,273,277,292,296,297,310,313,317,319,326,327,334,342,352,353,362,367,378,425,435,439,448,450,462,470,473,489,493,504,524,542,545,562,567,576,577,580,583,586,591,594,601,605,611,615,625,635,640,642,672,677,678,684,685,696,699,702,703,705,709,713,719"
"39","5,9,19,38,51,53,54,59,62,116,131,147,150,176,177,184,221,231,235,237,238,273,277,311,319,326,327,353,355,367,408,424,425,435,439,450,455,462,489,498,513,532,542,562,580,584,595,640,651,655,664,666,667,687,697"
"40","128,535,642,672"
"41","33,45,63,81,89"
"42","34,47,57,87,90,98,147,169,176,183,220,253,352,363,439,475,489,510,538,541,545,576,643,652,663,689,708,720"
"43","50,64,116,151,188,255,289,337,357,360,542,663,664,683"
"44","313,337,367,498,515,646,687,719"
"45","14,41,72,81,89"
"46","147,175,237,253,273,291,423,446"
"47","34,42,50,52,57,61,68,87,90,98,110,113,129,147,155,183,188,195,199,253,289,321,385,391,394,428,462,472,533,536,555,602,663,676,716"
"48","52,73,87,98,113,138,176,183,203,235,255,264,269,278,345,372,375,458,510,573,630,652"
"49","16,32,37,50,52,59,132,142,147,168,188,190,237,274,309,345,348,357,373,381,439,443,459,463,468,488,493,509,513,555,576"
"50","4,7,9,11,16,18,28,34,36,37,38,40,43,46,47,49,51,52,59,61,64,65,73,84,90,92,93,95,97,98,104,112,113,116,118,124,127,129,132,137,138,140,141,142,143,144,147,156,158,160,169,176,183,188,189,190,199,203,204,206,211,216,222,228,237,238,253,255,256,259,264,266,269,273,278,289,291,294,296,310,327,334,337,345,348,352,353,357,363,367,370,375,378,381,383,391,392,393,408,409,419,427,428,429,430,433,435,439,441,445,450,456,458,459,460,463,467,468,472,475,479,488,489,493,497,506,507,509,510,514,516,522,523,528,531,536,538,542,543,545,551,552,553,555,556,568,569,575,576,578,579,582,600,604,629,642,643,652,658,663,669,673,679,684,685,687,689,691,702"
"51","26,38,39,110,169,176,221,232,237,253,261,278,285,317,353,357,367,372,397,408,455,471,543,580,582,635,637,687,699"
"52","4,7,11,20,25,29,34,37,47,48,49,50,57,58,59,61,64,68,73,80,82,84,87,90,95,98,110,112,113,115,122,124,129,135,136,138,140,143,147,155,160,168,169,173,176,183,188,189,195,199,203,204,222,232,235,248,251,253,255,256,264,266,269,273,280,281,286,314,321,331,333,345,349,357,360,381,383,391,392,394,412,418,419,428,429,433,436,438,439,458,459,462,468,470,471,472,489,503,507,510,516,521,523,533,536,545,548,552,553,555,557,564,568,573,593,600,602,608,615,629,630,642,643,652,658,663,673,676,693,716"
"53","5,30,39,54,130,131,132,141,150,157,159,172,177,184,185,213,218,231,237,265,275,277,304,311,319,326,328,364,367,381,382,396,404,407,416,424,425,434,491,499,504,508,530,532,580,584,626,640,651,696,698,703,713"
"54","2,5,10,19,21,22,30,31,38,39,53,62,71,94,115,118,121,123,125,128,130,131,133,141,144,146,150,151,157,158,162,163,165,172,174,175,177,179,181,182,184,185,186,207,211,212,213,214,218,226,231,233,234,235,236,237,238,243,247,262,265,270,275,277,282,288,296,299,304,310,311,313,316,318,319,320,322,326,327,328,334,339,340,342,350,355,358,359,364,367,368,374,378,381,382,388,389,397,398,404,407,413,414,416,422,424,425,426,434,437,440,444,447,451,452,464,465,484,485,486,490,491,495,499,504,508,530,542,547,554,558,563,566,570,574,576,580,584,586,587,603,605,606,607,610,613,617,625,626,627,633,634,635,637,639,640,644,646,647,648,651,655,664,670,672,674,682,688,694,695,696,699,701,702,703,705,711,713,719,721,722,724"
"55",""
"56","20,38,58,108,142,147,152,164,189,204,237,253,255,256,266,294,327,381,391,459,492,503,516,568,582,638,652,719"
"57","3,42,47,52,58,59,61,68,73,84,87,98,140,143,147,155,169,176,183,187,199,230,239,253,255,266,276,314,321,333,345,349,353,375,428,439,450,458,462,510,521,564,578,612,658,686"
"58","4,17,34,35,52,56,57,68,73,84,95,98,113,140,158,169,187,188,189,222,239,253,255,256,260,278,375,376,391,394,421,458,459,468,471,496,516,548,555,598,652,653"
"59","9,11,15,34,36,37,38,39,40,49,50,52,57,58,61,64,65,71,84,85,95,98,105,112,113,128,137,138,140,142,147,150,158,160,163,168,173,183,186,188,189,196,203,207,208,222,228,234,235,237,242,253,255,259,264,269,273,278,294,315,320,326,327,328,337,344,345,353,357,363,367,370,375,387,391,392,393,400,401,405,408,419,423,424,430,435,439,445,446,450,456,458,459,462,463,468,472,473,488,493,503,507,509,510,513,523,528,532,536,542,547,552,553,555,557,571,573,575,576,578,580,581,582,587,595,601,611,619,620,622,629,630,632,634,638,642,652,655,658,664,678,679,684,687,689,692,718"
"60",""
"61","2,4,7,34,47,50,52,57,64,65,68,73,84,90,91,92,98,113,135,140,143,147,160,169,176,178,183,188,189,199,201,203,204,253,255,256,264,278,289,292,308,321,349,385,391,392,394,419,428,433,439,448,450,453,456,458,468,471,475,480,493,516,522,545,555,568,573,578,604,630,642,652,656,678,710,716"
"62","39,150,367"
"63","6,41,99"
"64","7,26,34,43,50,52,59,61,84,88,90,92,95,96,112,113,118,132,135,138,147,152,158,160,169,170,176,183,188,192,194,203,219,222,227,237,246,248,253,255,256,273,289,325,327,356,363,383,433,439,441,450,456,458,462,463,466,468,470,488,489,497,514,533,536,538,553,561,569,579,582,586,634,642,652,658,673,681,689,719,723"
"65","61,118,140,154,211,419,461,685"
"66","4,7,95,98,113,145,160,183,253,256,280,323,355,363,383,428,510,520,652"
"67",""
"68","4,25,34,47,52,57,58,61,73,84,87,90,98,113,138,143,147,183,188,203,220,239,252,253,255,256,269,286,314,321,333,357,391,394,428,439,450,456,458,462,516,533,541,548,555,578,652"
"69","508,697,721"
"70",""
"71","5,7,8,24,30,54,59,88,96,98,102,113,118,123,125,131,141,144,147,150,152,158,160,166,175,179,181,189,194,203,211,214,228,234,237,243,264,277,281,311,316,319,326,327,328,337,350,355,367,369,381,382,383,396,398,402,404,405,434,440,445,462,488,489,491,511,558,574,576,580,582,587,605,617,618,619,626,630,632,634,642,655,662,665,673,677,680,683,684,692,693,702,703"
"72","45,81"
"73","7,17,20,28,29,34,48,50,52,57,58,61,68,82,84,90,95,98,113,136,138,140,143,147,176,183,188,189,195,203,209,235,253,255,256,264,269,276,278,314,321,348,349,391,394,415,419,428,439,450,458,459,521,545,548,552,568,573,582,630,652,658,685"
"74",""
"75","36,255,466"
"76",""
"77",""
"78",""
"79",""
"80","203,255,276,344,458,475,573,611,652"
"81","33,41,45,72,89"
"82","472,517,545"
"83",""
"84","3,4,7,9,11,20,25,29,34,46,48,49,50,52,56,57,58,59,61,64,68,73,87,88,90,92,93,95,98,113,124,125,129,135,138,140,142,143,147,153,158,160,163,168,169,176,178,183,188,189,192,203,204,209,228,230,232,239,248,253,255,256,264,266,269,278,286,289,293,312,315,321,327,333,337,345,366,383,391,392,394,412,418,419,423,428,439,443,450,456,458,459,462,468,471,472,475,488,489,493,494,503,507,509,510,521,523,533,538,543,548,552,555,564,568,569,573,578,581,582,592,629,642,652,655,658,663,673,689,693"
"85","185,237,247,465"
"86",""
"87","42,47,48,57,68,84,90,98,113,147,188,203,209,239,241,253,255,269,300,321,333,345,372,391,392,394,458,462,522,533,541,642,689"
"88","71,113,222,327,341,448,458,462,561,634,675,708,723"
"89","45,81"
"90","4,7,17,34,42,47,52,61,64,68,73,84,87,98,102,110,113,129,143,147,167,169,183,188,203,209,220,253,259,264,273,278,285,321,327,347,349,355,357,363,380,392,418,419,436,448,450,456,462,468,470,516,521,522,523,533,536,541,562,563,568,569,642,643,652,658,689"
"91",""
"92","15,50,61,64,113,143,176,183,256,269,311,328,337,439,442,456,481,493,512,568,586,659"
"93","152,337,439"
"94","5,38,54,121,123,130,131,150,194,231,265,270,275,277,326,334,367,407,626,672,702,703"
"95","3,7,20,28,29,36,50,52,58,59,64,66,73,80,84,98,112,113,124,132,135,137,138,142,143,160,183,188,189,190,203,222,229,246,248,251,253,255,256,266,269,273,276,280,301,327,345,347,363,383,394,399,405,409,428,439,448,458,459,462,468,471,472,481,505,507,510,523,533,543,552,555,568,573,585,599,600,628,652,658,691"
"96","38,64,71,144,180,208,227,228,234,237,253,291,310,313,327,347,356,396,399,414,439,476,488,542,553,582,626,634,699,721"
"97","164"
"98","3,4,7,11,20,25,27,28,29,32,34,35,36,42,47,48,50,52,56,57,58,59,61,65,66,68,71,73,80,84,87,90,93,95,101,104,108,110,112,113,122,124,127,129,135,138,140,142,143,144,147,152,158,160,166,168,169,170,176,178,183,188,189,192,194,195,199,203,204,209,222,230,232,235,238,240,248,253,255,256,257,259,260,264,266,267,269,273,278,280,281,286,289,294,300,309,314,315,321,327,331,337,343,344,345,347,350,353,355,357,363,372,376,383,385,391,392,394,408,419,428,433,436,439,443,445,450,453,456,458,459,460,462,463,468,471,472,475,488,489,493,503,507,510,516,521,522,523,533,536,538,548,552,553,555,556,562,563,564,568,569,573,576,578,582,593,604,608,615,629,630,634,638,642,643,652,658,663,665,673,676,684,687,689,699"
"99","63"
"100",""
"101","34,129,183,189,238,315,442,459,463,472,518,576,589,615,652,662"
"102","17,71,189,337,369,468,507,608"
"103","271,402,413"
"104","98,144,237,253,289,372,391,471,510,592,634,676"
"105","7,59,65,80,100,122,154,163,186,234,237,256,325,350,370,408,439,461,470,479,584,591"
"106",""
"107","723"
"108","56,98,253,353,410,459,548,582"
"109","198,231,377"
"110","51,196,278,280,344,462,536,658,687,692"
"111","335"
"112","7,50,59,64,95,98,113,118,129,143,147,158,178,183,188,222,237,253,269,273,278,291,327,348,367,372,408,409,419,439,442,448,458,463,470,475,479,488,489,507,523,555,576,652,663"
"113","4,7,11,17,20,25,26,27,34,40,47,48,50,52,56,57,58,59,61,64,65,66,68,71,73,84,87,88,90,92,95,98,102,108,112,115,116,118,122,124,125,135,136,138,142,143,147,152,155,160,163,166,168,169,170,176,178,181,183,188,189,194,195,199,203,209,216,222,227,235,239,253,255,256,264,266,269,273,278,281,286,289,293,294,300,309,321,324,325,327,330,333,337,343,345,347,349,355,360,363,369,372,379,383,385,391,392,394,408,418,419,423,428,433,439,440,450,453,456,458,459,460,462,468,470,472,475,479,480,488,489,493,503,507,510,516,521,522,523,533,536,538,545,552,553,555,556,564,569,579,591,595,602,604,608,615,632,634,636,642,643,652,653,658,663,665,673,690"
"114","143,556"
"115","113,193,222,355,408,523,563,576"
"116","43"
"117",""
"118","2,4,5,10,15,23,24,50,54,64,65,71,92,96,102,105,112,113,115,116,131,134,136,141,144,147,150,152,154,158,163,171,175,177,179,184,185,188,201,203,207,211,214,216,222,228,231,234,235,237,242,243,247,253,254,264,268,273,277,278,294,299,313,316,325,326,327,328,349,350,352,355,357,367,378,382,393,397,404,413,416,424,425,439,440,448,463,470,473,480,488,504,507,526,530,542,545,551,576,580,603,611,617,618,626,627,636,647,699,702,703,719"
"119",""
"120",""
"121","5,30,54,94,102,123,130,131,133,150,177,212,213,231,236,238,247,265,277,299,304,319,326,328,358,367,382,398,407,416,425,432,434,484,530,580,606,626,633,648,674,703"
"122",""
"123","5,54,94,130,131,150,231,277,326,367,377,434,484,530,644"
"124","18,20,50,52,84,98,113,129,132,135,144,147,176,181,183,188,189,203,221,248,253,264,266,273,291,347,372,376,383,385,405,419,428,429,439,460,468,489,507,518,556,564,578,599,615,630,652,658,680,687,699"
"125","266"
"126","477"
"127","475"
"128","5,40,59,163,363,382,384,439,542,571,587,626,630,640,672,720"
"129","4,7,20,47,50,52,84,87,90,98,101,112,124,135,136,138,143,147,156,160,169,176,181,183,188,189,199,209,214,232,235,253,269,278,281,327,343,345,383,392,394,405,418,419,428,439,446,450,460,468,503,507,509,568,597,600,604,629,630,652,658,661,662,663,675,716"
"130","5,21,22,30,38,53,54,94,121,123,131,134,141,150,151,157,165,172,174,177,179,182,184,185,211,213,218,231,233,237,247,265,275,277,284,288,304,311,313,319,326,334,364,367,368,374,382,388,389,407,416,420,422,424,425,434,444,447,452,479,485,486,491,504,508,530,542,554,558,570,574,580,586,605,625,626,627,640,644,647,651,672,674,696,701,702,703,713"
"131","5,19,30,38,39,40,53,54,71,94,118,121,123,130,139,141,144,150,151,157,158,162,163,172,175,177,182,184,185,211,213,214,231,233,237,243,247,262,265,270,273,275,277,282,283,284,292,296,304,307,310,313,317,319,320,325,326,327,328,334,340,351,353,355,358,364,367,374,378,381,382,388,389,396,398,400,404,407,416,420,422,423,424,425,434,437,439,440,444,447,451,452,455,485,486,489,491,499,504,508,509,530,540,542,558,561,566,570,574,576,580,584,586,594,597,601,605,609,610,611,613,617,619,625,626,628,634,635,638,640,644,649,651,655,664,667,672,674,682,684,692,695,696,699,701,702,703,705,713,717,719,720,721,722"
"132","38,49,53,95,145,183,190,203,222,227,273,402,428,439,445,455,493,555,611,616,638,643,652,658"
"133","30,398,426,434"
"134",""
"135","7,20,26,46,61,64,66,84,95,98,110,113,124,129,142,143,147,152,169,176,181,183,188,227,228,248,253,256,260,264,266,267,278,303,319,327,328,337,350,372,381,383,391,393,428,433,439,450,473,488,489,507,509,516,536,586,588,604,608,611,636,643,652,658,686"
"136","52,73,113,118,129,140,147,158,169,176,183,222,254,264,269,345,383,413,433,439,488,507,582"
"137","168,273,331,422,509"
"138","4,7,11,20,29,34,36,48,50,52,58,59,64,68,73,84,87,95,98,113,129,140,145,147,155,158,168,183,188,189,192,203,208,221,224,253,255,264,269,276,289,327,347,357,363,383,419,429,439,450,458,462,489,505,507,533,536,542,546,551,568,578,582,602,618,642,652,658,673,684,692"
"139","259,273,430,435,540,601"
"140","11,17,20,34,36,49,50,52,57,58,59,61,65,73,80,84,98,136,138,143,147,156,160,169,170,176,183,188,196,203,208,222,227,237,253,255,264,267,269,278,291,292,314,357,391,393,408,415,419,428,439,450,453,458,463,470,488,489,507,521,523,533,553,568,569,581,582,601,642,643,652,658,663,689,692,693"
"141","5,27,30,53,54,71,91,118,130,131,144,150,169,172,177,179,182,183,184,185,190,206,208,223,231,237,261,277,317,326,328,336,337,348,350,355,367,373,397,398,404,407,408,420,423,424,425,433,439,447,489,498,504,523,530,563,569,570,580,609,610,611,618,626,633,701,702,703,724"
"142","7,20,28,34,38,49,50,56,59,84,95,98,110,113,127,135,147,152,169,170,176,183,188,189,203,222,224,235,238,253,264,266,280,294,327,330,337,409,439,450,459,462,463,467,471,523,524,582,638,652,658"
"143","50,52,57,61,68,73,80,84,90,92,95,98,112,113,114,129,135,140,147,158,168,176,183,188,189,203,222,229,232,239,253,255,256,264,266,278,281,286,331,355,363,439,446,450,458,468,473,489,493,507,509,521,523,543,556,568,573,620,642,652,675,685"
"144","5,9,28,42,43,50,54,71,93,96,98,104,124,131,141,150,158,189,203,211,214,228,237,253,295,320,326,337,344,376,381,404,405,428,439,450,459,468,471,481,530,542,553,559,569,582,592,626,634,658,675,683,684,689,699,702"
"145","66,132,147,152,229,237,439,447,489,553,652"
"146",""
"147","4,7,9,11,18,20,27,29,34,35,37,38,39,42,46,47,49,50,52,56,57,59,61,64,66,68,71,73,80,84,87,88,90,93,97,98,108,112,113,116,118,124,125,129,135,136,137,138,140,142,143,145,152,155,156,158,160,163,166,167,168,169,170,176,178,181,183,185,188,189,190,203,204,208,219,222,228,234,235,237,248,253,255,256,259,264,266,267,269,273,278,280,281,285,289,291,294,301,309,312,314,316,320,321,323,327,328,329,331,334,336,337,345,347,349,350,352,353,355,357,363,372,376,378,380,381,383,391,392,394,397,401,406,408,415,418,419,423,427,428,430,439,441,443,445,448,449,450,453,456,458,459,460,462,463,466,467,468,470,472,475,479,480,488,489,500,503,507,509,510,521,522,523,526,533,535,536,538,542,545,548,553,555,556,562,564,568,569,573,576,578,581,582,588,592,594,600,601,604,611,618,620,628,629,630,632,634,638,642,643,652,655,658,663,665,673,675,676,680,683,684,687,689,699"
"148","14"
"149","10"
"150","5,10,18,19,21,22,30,31,38,39,53,54,59,62,69,71,93,94,96,118,121,123,126,128,130,131,141,144,145,151,153,157,158,162,163,165,172,175,177,179,182,184,185,186,190,198,200,207,211,213,214,224,226,231,233,234,237,238,243,244,247,262,265,270,275,277,282,284,288,290,296,298,299,304,307,310,311,313,319,320,322,326,327,328,330,332,334,340,350,353,355,356,364,367,368,374,377,378,381,382,388,389,398,400,402,403,404,407,408,414,416,420,422,424,425,434,437,439,440,444,447,452,455,460,465,484,485,486,489,491,492,495,499,504,508,509,512,524,530,532,542,547,554,558,561,566,567,570,574,576,579,580,586,605,606,609,610,611,613,616,617,618,622,625,626,627,634,635,637,638,640,641,644,646,647,648,649,651,655,664,667,668,672,673,674,682,688,694,695,696,698,699,700,701,702,703,705,707,709,711,713,717,719,720,721,722,724"
"151","38,43,54,131,150,179,184,206,237,275,277,313,334,367,425,447,451,542,611,713,722"
"152","29,38,48,56,64,71,93,98,105,110,113,118,124,135,137,142,145,147,158,166,176,179,183,185,188,203,208,222,234,237,250,253,255,257,261,264,266,273,278,281,285,291,313,319,327,328,330,342,343,354,378,381,385,391,394,399,419,422,433,439,446,453,458,464,473,488,489,492,510,514,523,528,533,534,545,549,576,579,588,591,596,601,611,617,620,628,630,634,639,643,652,654,658,673,689"
"153","163,165,291,327,353,576,590,682"
"154","65,105"
"155","34,47,147,168,195,222,293,488,658"
"156","50,140,183,253,376,520"
"157","5,30,53,54,130,131,150,177,207,213,236,277,313,326,339,367,382,416,434,486,640"
"158","4,5,8,34,42,50,54,58,59,64,84,91,98,112,118,136,138,143,144,150,152,163,169,179,183,186,188,216,222,224,229,231,234,237,238,266,277,278,281,305,320,327,328,329,330,350,367,378,381,383,408,409,439,468,473,477,489,500,507,509,523,564,569,576,580,601,619,620,625,626"
"159",""
"160","3,4,7,11,17,20,27,29,32,34,35,49,50,52,59,61,64,66,69,71,73,84,95,98,108,113,129,134,136,138,140,147,149,158,168,169,176,183,188,189,193,196,203,222,223,227,237,253,255,256,266,267,269,294,309,327,333,343,345,370,372,383,391,394,405,419,423,439,446,453,459,463,468,470,472,475,479,488,503,507,513,534,536,538,548,569,571,573,576,581,582,585,589,596,605,619,628,630,652,658,662,663,686,689,692,693"
"161",""
"162","54,326,334,342,424,425,501,651"
"163","11,54,59,84,92,105,128,131,150,153,158,183,224,234,237,255,266,320,326,327,353,364,367,382,424,433,439,440,462,493,562,626,642,655,708"
"164","56,97,325,439,638"
"165","5,54,149,150,153,185,186,200,231,233,234,237,243,277,327,334,367,381,382,396,425,627"
"166","71,147,203,428,462,489,684"
"167","471,497,568"
"168","34,49,52,59,65,98,113,137,138,143,147,155,160,161,165,188,193,203,219,222,223,234,239,246,253,255,278,281,289,321,331,345,350,391,394,419,439,450,462,468,479,503,509,548,578,598,652,693"
"169","4,7,11,20,26,34,36,42,50,51,52,57,58,61,64,84,90,98,104,113,129,135,136,140,141,142,147,158,160,176,183,188,189,194,221,222,234,237,253,256,258,261,264,266,267,269,278,289,309,315,321,325,327,330,333,334,344,345,347,351,355,372,375,376,385,391,392,394,417,428,432,433,439,443,450,453,460,463,468,471,472,478,481,489,507,510,521,533,545,548,553,556,569,573,576,579,588,593,600,602,604,611,619,643,652,653,663,689,692,699"
"170","38,64,142,183,203,250,253,439,523,660"
"171","185,237,274,299,318,382,397,607,627,657,724"
"172","5,30,53,54,130,131,141,150,177,182,213,231,233,237,265,275,277,282,319,326,328,334,364,367,372,382,384,400,404,420,424,425,447,491,504,508,530,554,559,580,586,651,682,703,713,720,721"
"173","328,419,439,509"
"174","22,30,109,382,434,484,574,607"
"175","46,71,131,150,237,319,328,348,362,364,367,393,488,584,610,634,692,698"
"176","7,9,11,20,27,38,39,42,48,50,51,52,57,61,64,73,84,92,93,95,98,104,110,113,124,129,135,136,140,142,143,147,152,160,163,169,183,188,189,190,200,203,208,209,232,234,237,238,246,253,261,264,266,267,269,278,301,308,309,314,317,327,333,337,349,357,372,378,381,383,391,392,393,413,428,430,433,439,449,450,453,456,458,462,463,468,475,477,488,489,501,503,517,520,521,524,533,536,538,543,545,569,579,582,592,595,599,604,620,630,652,653,658,663,665,685,686,687"
"177","5,21,22,30,39,53,54,118,121,130,131,141,150,157,162,172,182,213,231,237,265,275,277,298,319,326,350,355,367,368,381,382,387,404,416,420,424,425,434,447,452,483,504,530,558,570,580,598,623,644,647,648,674,724"
"178","4,61,112,113,222,278,291,300,345,352,468"
"179","5,21,54,69,71,93,118,130,150,151,152,158,211,231,237,277,326,367,382,441,525,626,627,639,648,693,694,713,719"
"180","436"
"181","5,71,124,129,135,147,237,327,408,428,489,513,594"
"182","5,30,54,130,131,141,150,172,190,213,231,277,313,319,358,367,425,447,508,580,586,649,720,722"
"183","4,7,9,11,20,26,27,28,29,34,35,37,42,47,48,49,50,52,57,58,59,61,64,66,68,71,73,80,82,84,87,88,90,92,95,98,101,102,107,110,112,113,124,126,129,132,135,136,138,140,141,142,143,144,145,147,152,156,158,160,163,169,170,176,181,188,189,190,192,194,199,200,203,204,209,214,222,224,227,230,232,235,237,238,240,246,248,253,255,256,262,264,266,267,269,273,276,278,280,281,289,291,294,300,301,308,309,312,314,315,320,321,325,327,328,329,330,333,337,343,345,347,348,349,353,355,363,369,370,372,373,376,379,381,383,385,386,391,392,394,395,399,408,418,419,428,429,430,433,436,439,441,445,446,449,450,453,456,458,459,460,462,466,468,470,472,475,476,477,479,487,488,489,493,498,503,507,510,514,516,518,520,521,522,523,524,533,536,538,543,545,548,555,556,557,562,563,564,568,569,571,573,576,578,579,582,589,591,592,593,594,597,600,604,608,618,628,629,630,634,638,642,645,652,653,658,663,665,673,680,685,687,689,692,693,699,702"
"184","5,11,39,53,54,100,118,130,131,141,150,151,208,213,221,231,235,237,263,265,277,313,326,353,364,367,382,407,410,425,447,504,513,558,567,580,587,615,616,644,703,707"
"185","2,5,21,30,38,53,54,85,94,118,130,131,141,147,150,152,165,171,179,181,193,198,206,210,211,213,222,231,233,235,237,243,247,257,270,277,278,282,299,313,319,320,326,327,349,350,367,368,378,381,382,397,398,407,408,416,424,425,434,437,447,450,452,489,491,511,517,530,553,567,569,570,574,580,606,607,616,618,626,627,630,640,647,668,672,682,684,687,696,703,724"
"186","5,54,105,134,150,165,200,207,208,213,237,272,350,410,507"
"187",""
"188","7,9,11,26,27,28,29,34,35,36,37,38,42,43,47,49,50,51,52,58,59,61,64,68,71,73,84,87,88,90,93,95,98,101,105,110,112,113,118,122,124,129,135,136,138,140,142,143,144,145,147,152,156,158,159,160,163,168,169,176,183,189,196,199,203,219,221,222,223,224,227,232,235,237,238,246,253,255,256,259,261,264,266,267,269,273,276,278,286,289,291,292,294,295,301,302,309,315,321,323,327,336,337,345,348,349,352,357,360,363,370,378,380,381,383,385,391,392,393,394,408,419,428,429,433,436,439,445,448,450,458,459,462,463,466,468,470,471,472,477,479,488,489,493,503,507,509,514,518,521,522,523,528,533,536,541,543,545,548,551,552,553,555,556,562,568,569,573,576,578,582,598,611,612,618,620,628,630,642,643,652,658,663,669,673,676,678,679,680,684,685,687,689,691,693,699,702,723"
"189","4,7,9,18,20,27,28,34,50,52,56,58,59,61,71,73,84,95,98,101,102,113,124,127,129,138,142,143,144,147,155,160,169,170,176,181,183,188,190,203,217,237,253,255,256,264,273,278,280,289,292,302,303,327,328,344,357,363,366,370,380,383,392,394,405,408,423,428,430,439,445,450,458,459,460,462,463,468,471,472,475,480,489,493,494,503,507,509,510,513,516,521,523,531,555,562,564,568,573,576,581,582,594,595,599,626,628,629,638,642,643,652,658,662,680,687,692"
"190","183,189,308,315,460,472"
"191",""
"192","138,222,264,276"
"193",""
"194","32,98,169,255,264,468,576"
"195","17,73,113,155,276,286,321,391,686"
"196","110,140,355"
"197","346,496"
"198","109,185,213,236,377,416,434,627,688"
"199","47,57,61,113,716"
"200","7,86,214,350,402,503,619,693"
"201","118,249,255,571"
"202",""
"203","4,7,9,27,28,29,34,36,38,42,48,50,52,59,61,64,66,68,71,73,80,82,84,87,90,92,95,98,113,114,115,118,124,132,138,140,142,143,144,147,152,155,160,166,168,170,176,178,183,188,189,208,216,222,223,227,234,237,246,253,255,256,264,266,269,273,276,279,289,294,296,301,309,323,327,328,331,332,355,363,369,375,378,383,385,391,392,394,408,419,428,430,433,436,439,443,445,448,450,456,458,459,462,463,466,468,472,473,474,475,479,488,489,493,503,507,516,521,522,523,533,536,538,541,545,553,555,556,562,568,569,571,573,575,576,578,582,585,594,608,610,612,615,634,642,643,652,658,663,665,673,678,684,685,689,702"
"204","2,4,9,52,56,61,147,250,253,256,357,394,448,488"
"205","9,211,237,346,378,611,672"
"206","151,526,638"
"207","10,118,186,234,237,268,274,295"
"208","11,38,96,138,140,147,176,184,186,234,237,261,264,270,297,310,323,337,342,410,439,445,448,451,462,470,479,523,545,563,571,582,586,588,592,601,615,634"
"209","90,98,129,183,278,665"
"210","237,362"
"211","5,18,50,54,65,71,118,122,130,131,144,150,179,185,205,214,235,237,243,249,270,277,297,319,326,334,346,367,369,387,397,398,424,425,447,451,461,520,542,546,553,558,580,587,594,612,640,655,669,685,689,705,707,710"
"212","54,247,398,434,547,674"
"213","5,21,30,53,54,109,121,130,131,150,157,172,174,177,182,184,185,186,198,231,237,247,265,271,275,277,304,319,326,350,364,367,368,382,407,416,422,424,425,434,444,447,452,490,504,508,530,570,580,605,637,644,648,651,668,682,703,713"
"214","5,54,144,200,211,278,367,408,546,662"
"215",""
"216","50"
"217","28,292,675"
"218","30,416"
"219","188"
"220",""
"221","11,138,184,246,376,652,687"
"222","3,4,34,48,49,50,52,56,58,59,64,69,73,88,95,98,112,113,115,118,132,136,140,142,143,147,149,152,155,158,160,168,169,178,183,185,188,192,203,204,234,237,248,253,255,256,264,266,273,278,281,309,329,330,345,348,349,350,352,353,363,372,378,394,408,419,439,448,458,460,463,470,478,488,489,493,497,507,523,533,552,556,576,582,612,615,634,652,663,685,693"
"223","261"
"224","138,188,320"
"225",""
"226",""
"227","7,38,64,96,132,140,160,188,203,242,256,294,309,366,393,399,439,450,458,463,476,480,493,503,531,573,593,632,638,652,658,663,689,719"
"228","18,59,62,96,118,135,144,153,216,237,253,292,319,327,328,329,439,471,509,516,552,576,592,629,655,691,695"
"229",""
"230","57,98,183,232,234,253,321,349,470,517,652,716"
"231","2,5,10,21,22,30,39,53,54,62,69,85,94,109,118,121,123,130,131,133,141,150,151,157,158,162,163,165,171,172,177,179,182,184,185,186,198,207,213,226,233,235,237,243,247,265,270,273,275,277,282,288,290,299,304,305,310,311,313,319,326,364,367,368,374,377,378,381,382,388,397,398,407,416,420,422,423,424,425,434,437,444,447,452,485,486,491,495,504,508,530,558,567,570,574,580,586,587,605,606,613,625,626,627,635,637,640,644,647,651,664,672,674,682,694,695,696,702,703,705,711,713,721,722"
"232","11,51,98,176,183,230,234,253,269,439,474,532,569,618"
"233","54,130,131,150,165,172,185,226,243,277,326,356,367,382,388,424,425,530,637,674,713"
"234","5,20,21,42,54,59,71,96,105,118,128,149,150,152,158,163,165,168,169,176,186,200,203,207,208,210,222,230,232,237,243,246,248,257,272,278,324,327,350,352,353,373,378,381,382,398,404,424,439,449,450,474,488,492,507,515,517,521,530,545,547,563,576,580,605,611,624,627,643,652,673,696,699"
"235","39,48,52,59,73,91,98,110,142,147,183,184,185,188,211,237,238,255,264,266,425,446,459,461,462,489,513,521,552,557,564,582,594,615,618,685,697"
"236","21,30,247,398"
"237","2,4,5,7,9,10,11,15,16,18,20,21,26,27,30,37,38,39,40,42,43,44,46,49,50,51,53,54,56,59,60,62,64,69,71,84,85,91,94,96,100,104,105,108,112,113,115,116,118,124,125,128,130,131,132,134,135,136,138,140,141,142,144,145,147,150,151,152,153,154,156,158,160,162,163,164,165,168,169,170,171,172,173,175,176,177,178,179,180,181,182,183,184,185,186,188,189,190,193,196,200,203,205,206,207,208,210,211,213,216,219,222,223,224,227,228,229,231,233,234,235,240,243,244,247,253,255,257,262,263,264,266,267,270,272,273,274,277,278,281,282,283,284,290,291,296,297,298,299,302,303,304,310,313,317,319,320,322,324,325,326,327,328,329,330,332,334,337,338,341,342,343,344,345,348,349,350,352,353,354,355,356,357,358,362,363,364,366,367,368,370,372,373,374,378,380,381,382,383,386,387,389,390,393,394,395,396,397,398,400,401,403,404,405,406,407,408,410,414,415,419,420,422,423,424,425,427,428,433,434,437,439,441,443,444,446,447,450,451,452,453,456,459,460,461,465,466,467,470,471,472,473,475,478,479,480,483,485,488,489,490,491,492,493,494,495,498,500,504,507,509,510,511,513,514,517,522,523,526,529,530,534,539,542,545,547,552,553,554,555,560,561,562,563,569,570,572,573,574,576,578,579,580,581,582,586,587,588,589,591,592,594,595,596,598,601,603,605,606,607,609,611,613,615,616,617,618,619,620,622,623,624,625,626,627,628,630,633,634,637,638,639,640,641,642,643,646,647,648,652,653,654,655,661,664,666,669,672,673,674,677,678,679,684,685,687,688,689,692,693,694,696,697,698,699,700,702,703,705,708,709,710,713,719,720,721,722,723"
"238","39,50,98,101,121,142,176,183,188,235,357,367,389,543,569,582,618"
"239","68,84,252"
"240","307,507,567"
"241","12"
"242","227,253,568"
"243","5,21,54,71,118,131,150,165,185,231,233,234,237,247,277,282,290,294,304,317,326,335,367,378,382,404,425,434,449,452,580,617,620,623,627,668,702"
"244","237,277,330,423,447,534"
"245","6,12"
"246","64,168,176,183,203,221,224,255,436,666"
"247","5,54,85,118,121,130,131,150,185,212,213,231,236,237,243,265,277,304,319,326,362,367,398,416,420,425,434,570,576,606,607,627,639,648,703"
"248","52,84,124,147,183,321,372,521,557,658"
"249","18,201,253,542,617,646"
"250",""
"251","600"
"252","239"
"253","4,7,9,18,20,26,29,34,35,37,38,42,43,46,47,48,49,50,51,52,56,57,58,59,61,64,66,68,73,84,87,88,90,95,96,98,102,104,107,108,110,112,113,118,124,125,127,129,132,135,136,138,140,142,143,144,147,152,156,158,160,161,164,167,168,169,170,176,180,183,188,189,190,192,194,199,203,204,205,211,222,227,228,230,232,235,237,242,246,249,255,256,259,260,261,264,266,267,269,273,278,279,285,286,289,291,292,294,301,314,315,317,321,324,327,328,333,337,345,349,352,353,355,357,360,363,372,375,378,381,383,385,391,392,393,394,401,418,419,421,427,428,430,433,435,439,445,446,448,449,450,453,456,458,459,460,462,463,468,470,471,473,474,475,479,488,489,493,497,500,503,507,509,510,513,514,516,520,521,522,523,526,533,535,536,538,541,542,543,545,548,551,553,555,556,562,564,568,569,571,575,576,577,578,582,591,593,594,600,601,602,604,612,619,620,629,630,631,634,642,643,652,653,654,658,660,663,669,676,678,679,683,687,689,691,700,716"
"254",""
"255","3,4,9,11,17,20,26,28,29,34,35,36,43,46,48,50,52,56,57,58,59,61,64,66,68,73,75,80,84,87,88,90,92,93,95,96,98,101,113,116,124,138,140,143,147,152,153,155,160,163,166,168,170,183,188,189,192,193,194,201,203,204,219,222,227,228,235,237,246,248,253,256,261,264,266,267,269,273,278,279,281,291,292,314,321,327,328,333,337,342,345,357,360,369,372,376,378,383,391,392,394,408,418,419,423,428,430,436,439,441,445,446,450,453,456,458,459,462,463,468,470,471,472,475,479,480,488,489,497,502,507,509,510,514,516,520,521,523,538,542,543,545,551,552,553,555,557,562,564,568,569,571,576,578,581,582,594,596,600,602,612,615,628,629,631,634,642,643,652,658,663,665,673,677,678,679,681,687,689,691,693,718"
"256","7,34,43,48,50,52,56,58,61,64,65,66,68,73,84,92,95,98,105,113,115,135,142,143,147,160,169,183,188,189,199,203,204,220,222,227,229,230,253,255,266,269,278,286,294,321,357,375,383,391,392,394,419,429,439,450,458,468,472,481,503,510,516,533,568,573,578,593,608,642,643,652,658"
"257","98,234,321,414,626"
"258","439,631"
"259","90,139,147,267,418,429,488,509,560,569"
"260",""
"261","51,208,223,273,280,297,384,408,489,540,543,545,569,576,596,601,612,619,685"
"262","150,183,441,701,703"
"263","26,184,353,589,664"
"264","4,7,11,17,20,26,37,46,48,50,52,57,59,61,71,73,80,84,90,96,98,108,113,118,124,125,132,135,136,138,140,142,143,147,152,155,156,169,176,180,183,188,189,192,193,194,203,208,209,222,223,224,234,235,237,250,253,255,261,266,267,269,278,301,315,325,327,328,337,342,345,347,350,362,363,369,372,378,381,383,385,387,391,397,417,418,428,433,436,439,445,450,458,459,460,462,463,468,471,472,480,488,489,493,507,510,517,521,533,535,536,542,553,556,562,564,568,573,582,591,600,611,617,628,630,634,652,658,661,663,680,683,687,693,699"
"265","5,21,30,38,53,54,94,121,130,131,150,172,177,184,213,231,247,277,316,319,326,364,367,368,382,389,398,407,424,425,434,490,504,530,580,586,605,619,664,682,694,698,703,705,713,721"
"266","4,50,52,56,57,84,91,92,95,98,101,107,110,113,124,125,135,142,143,147,152,158,163,164,169,176,183,188,203,222,235,237,238,253,256,264,269,281,296,315,325,327,328,330,337,345,352,355,378,381,428,433,473,475,478,481,489,491,507,555,556,557,564,591,615,641,652,658,699,708"
"267","29,98,135,140,147,160,183,188,259,264,269,273,328,414,428,429,439,442,453,472,496,517,521,536,568,569,582,596,611,643,652,658,692,699"
"268","118,207,271,350"
"269","7,11,20,35,46,48,50,52,57,59,68,73,84,87,92,95,98,112,113,129,136,138,140,142,147,160,169,176,183,188,199,203,232,253,255,256,264,266,267,273,309,333,345,357,363,369,372,385,391,392,394,418,439,453,458,459,462,463,468,471,472,479,481,507,510,521,522,523,548,555,569,582,591,612,629,638,652,658,663,689"
"270","5,38,54,94,111,131,150,185,208,211,237,249,273,277,284,310,313,326,342,367,380,424,425,437,452,550,560,586,594,615,693,696,705,717"
"271",""
"272","186"
"273","4,7,11,38,39,46,50,51,52,59,64,73,88,90,95,98,112,113,118,124,131,132,137,139,142,147,152,155,183,188,189,196,203,222,231,237,253,255,261,267,269,270,280,282,326,327,328,347,349,352,363,367,369,380,382,397,400,401,408,418,425,427,429,430,439,443,448,450,458,459,462,466,468,470,474,479,488,493,521,523,524,540,545,555,560,562,569,573,580,581,582,585,601,615,626,638,643,658,672,684,687,692,702"
"274",""
"275","5,30,53,54,94,130,131,150,151,172,177,213,231,277,288,304,319,326,364,367,374,381,388,389,400,407,422,424,425,434,437,447,504,542,558,580,605,651,672,696,703,713"
"276","57,73,80,95,138,192,195,652"
"277","5,21,22,30,38,39,53,54,71,94,109,118,121,123,128,130,131,134,141,150,151,157,158,162,165,172,175,177,179,181,182,184,185,186,207,211,213,226,231,233,236,237,243,244,247,265,270,275,282,284,288,304,310,313,319,320,326,327,328,334,342,354,355,358,364,367,368,374,378,381,382,388,389,397,398,400,403,404,407,414,416,420,422,423,424,425,427,434,437,440,444,447,451,452,455,465,483,485,486,491,495,504,508,509,530,531,532,542,547,554,558,561,570,574,576,580,586,587,605,606,607,613,617,619,625,626,627,634,635,637,638,640,641,644,646,648,651,664,667,672,674,682,688,694,695,696,699,700,701,702,703,705,711,713,714,719,720,721,722,724"
"278","4,9,11,34,48,50,51,56,57,58,59,61,65,73,84,90,98,110,112,113,118,129,135,136,140,143,147,152,158,168,169,176,178,183,185,188,189,193,209,214,220,222,230,234,237,248,253,255,256,257,264,286,291,309,324,327,335,337,345,349,350,351,353,376,378,381,391,394,409,419,439,450,453,456,458,463,468,470,488,489,507,512,522,523,528,552,568,576,579,582,600,604,613,620,628,630,642,643,653,673,679,693,716"
"279","253,255,260,419,479,571,594,659"
"280","66,95,110,142,162,189,261,273,342,408,459,501,507,585,615"
"281","11,17,113,147,152,158,222,237,255,266,337,353,392,418,439,611,639"
"282","54,131,150,172,185,231,237,277,283,298,320,326,328,364,367,403,404,424,425,447,504,517,580,634,664,666"
"283","131,363,461,628"
"284","130,131,150,407,422,425,504"
"285","582"
"286","52,84,98,113,143,195,239,256,450"
"287",""
"288","5,109,150,231,319,425,651"
"289","32,43,47,50,61,64,84,104,169,188,189,203,292,363,391,439,497,533,539,629,634,652,683,685,689"
"290",""
"291","46,96,124,140,153,178,183,253,383,439,515,517,545,585,599,652,658,675"
"292","7,15,38,156,188,217,253,289,327,378,435,691,704"
"293","155"
"294","50,56,59,113,142,147,188,203,227,243,253,256,327,356,383,391,392,394,419,439,450,459,472,513,524,545,555,658"
"295","207,327,619,638"
"296","16,38,131,203,367,473,489,574"
"297","211,261,317,560"
"298","177,378,473,633"
"299","5,118,171,231,237,382,437,465,627,648,666,670,724"
"300","345"
"301","8,9,27,183,675"
"302","518"
"303","338,427,459,619,686"
"304","5,30,53,54,85,121,130,131,150,213,231,237,243,247,275,277,313,319,326,367,382,396,416,422,424,425,434,444,447,486,490,491,492,504,530,570,580,606,611,622,626,627,640,688,694,703,709,711,722"
"305","606"
"306","310,409,504,506,531,538,561,635,698,700"
"307","240,374"
"308","190,338,390,517,636,675,692"
"309","7,9,32,34,49,169,176,227,269,391,463,468,576,630,638"
"310","5,38,54,96,139,150,208,270,277,290,306,349,367,424,430,447,476,504,528,538,634,635,700,702,722"
"311","39,53,54,92,150,367,651"
"312","589,611"
"313","5,38,44,54,96,118,130,131,134,150,151,152,157,182,184,185,201,231,237,270,277,288,290,304,319,326,332,350,367,368,378,381,382,390,397,398,425,485,530,542,570,622,627,664,672,696,702,705,710,719"
"314","52,73,176,183,391"
"315","28,98,101,169,183,188,190,330,405,523,599,619,652"
"316","542,586"
"317","51,297,355,713"
"318","171,382,715"
"319","5,30,39,53,54,71,121,130,131,135,150,152,172,175,177,182,185,211,213,228,231,237,247,265,275,277,288,304,313,326,327,334,364,367,382,396,398,407,416,422,424,425,434,437,447,452,491,504,530,558,580,586,635,644,682,696,698,703,705,707,710,713"
"320","1,131,144,150,158,163,185,224,237,277,282,326,349,367,381,382,447,470,489,507,560,592,658"
"321","47,52,57,61,68,73,84,87,90,98,113,169,183,195,230,248,256,257,333,391,394,458,521,663,716"
"322","705"
"323","66,337,392,398,455,468,489,586"
"324","347,361"
"325","64,105,164,169,183,266,327,347,376,393,497,591,655,692,698,699,708"
"326","5,21,22,30,38,39,53,54,59,69,71,85,94,118,121,123,128,130,131,133,141,144,150,151,157,162,163,171,172,177,179,182,184,185,186,211,212,213,231,233,237,243,247,265,270,273,275,277,282,299,304,307,311,313,316,319,320,322,328,334,340,355,364,367,368,374,378,381,382,387,388,389,398,400,404,407,416,420,422,424,425,434,437,440,444,447,452,481,490,491,492,499,504,508,530,532,542,547,554,558,570,574,576,580,584,586,587,605,606,609,610,613,617,625,626,627,634,637,638,640,644,646,647,651,655,664,672,674,682,684,694,695,696,699,701,702,703,705,711,713,719,721,722,724"
"327","5,7,9,11,15,20,29,31,32,35,38,39,40,50,54,56,59,64,66,71,75,84,88,90,92,95,96,98,100,101,105,110,112,113,118,124,125,129,131,135,137,138,139,142,143,145,147,150,152,153,156,158,160,163,164,165,166,169,175,176,180,181,183,185,186,188,189,203,208,210,211,214,216,227,228,229,232,234,237,238,242,246,253,255,259,264,266,267,269,273,277,278,279,292,294,295,298,303,310,311,317,319,323,325,328,334,336,337,338,342,347,350,353,355,362,363,367,376,378,380,381,383,385,391,392,396,398,400,401,408,409,419,420,422,425,427,428,429,430,433,434,435,439,441,445,448,450,453,456,458,462,463,464,470,471,473,479,480,488,489,502,507,509,510,511,512,516,521,523,526,533,536,538,539,542,543,555,556,560,562,563,569,573,575,576,580,582,588,591,596,600,601,610,617,618,619,620,626,634,637,638,652,654,655,658,665,672,673,674,684,685,686,687,689,692,699,703,708,709,717"
"328","1,3,5,8,30,36,46,53,54,59,71,80,92,107,114,118,121,131,135,139,141,143,147,150,152,158,172,173,175,183,189,190,203,205,228,237,253,255,258,264,266,267,273,276,277,282,296,298,303,323,326,327,330,334,338,341,350,355,358,362,364,367,378,381,382,391,392,407,408,423,424,425,428,430,439,440,447,453,455,462,466,468,471,475,485,489,491,493,495,507,509,528,540,555,564,569,574,578,580,591,594,611,613,619,632,633,634,638,639,648,652,658,684,685,695,699,703"
"329",""
"330","142,158,169,183,244,315,508,564,578,611,638"
"331","137,143,168,468,584,718"
"332","237,313"
"333","57,68,84,87,113,176,391"
"334","30,38,54,94,128,130,131,147,150,151,157,162,165,172,211,237,311,316,319,327,328,359,367,378,382,407,420,425,432,439,452,455,488,509,576,580,586,619,634,638,643,651,699,705,713"
"335","85,111,243,570,606,714"
"336",""
"337","7,9,11,26,43,44,49,50,59,62,66,71,84,88,92,93,98,102,113,135,141,142,144,153,161,176,183,188,208,214,223,232,253,255,260,264,266,278,279,281,323,327,353,357,363,383,428,433,436,439,450,455,458,462,463,481,493,512,519,523,524,536,547,555,578,638,641,642,652,685,687"
"338","303,308,415,495,606,648"
"339","30,398,639"
"340","131,326,367"
"341","88,328,439,573,648,652,685"
"342","38,54,152,162,208,237,264,270,277,279,280,424,448,533,542,588,594,615,617"
"343",""
"344","80,110,144,353,408,553,619,657"
"345","7,34,37,48,49,50,52,57,58,59,84,87,95,97,98,113,129,136,147,160,168,169,178,183,188,222,232,237,253,255,264,266,269,278,300,352,357,375,383,391,392,394,439,453,468,472,489,507,510,521,534,545,548,593,658"
"346","197,205,211"
"347","90,95,96,113,138,183,324,325,376,389,399,409,489,533,653,722"
"348","112,183,222,358,372,433,493,518,520,555"
"349","7,29,51,52,57,61,73,90,113,118,147,185,188,222,230,237,253,273,278,310,320,381,401,428,450,470,479,507,522,545,562,618,666,680,684,702"
"350","10,21,31,54,71,98,100,105,118,134,135,141,150,154,158,165,168,171,177,185,186,200,213,222,233,234,237,268,274,278,313,328,338,352,353,355,361,367,373,382,383,397,398,408,413,415,424,428,470,488,505,507,523,530,570,598,603,628,648,699,708,710,721"
"351","560"
"352","60,118,178,266,350,397,466,479,507,545,548"
"353","9,38,39,50,51,57,59,98,107,108,115,131,147,150,153,163,184,196,208,222,230,232,234,237,238,253,263,278,281,317,327,334,337,344,350,352,355,363,367,375,378,381,423,428,439,445,446,448,450,461,470,485,489,509,512,517,576,582,595,601,610,616,618,619,634,679"
"354","358,404,540,611,619,640,720"
"355","2,39,54,66,71,98,115,118,131,141,147,169,177,183,196,203,237,258,266,280,317,326,327,328,350,351,353,361,367,408,428,436,439,473,489,507,509,588,594,611,665,677,687,699"
"356","96,294,395,638"
"357","37,43,47,49,50,51,52,59,68,90,98,108,110,118,138,140,156,188,189,204,214,237,238,253,255,256,269,337,341,344,345,366,381,408,428,439,450,468,498,516,523,551,552,568,576,602,629,652,673,687,693,702,716"
"358","121,354,712"
"359","334,559"
"360","43,255,577"
"361","324,355,399"
"362",""
"363","4,7,34,37,40,42,50,59,66,90,98,113,128,138,143,147,183,188,189,203,222,237,253,264,269,273,283,289,327,337,353,367,383,385,391,415,429,436,439,445,449,450,456,458,528,533,536,542,556,579,611,632,642,658,678,679,685,689,720"
"364","5,30,53,54,130,131,150,163,172,175,184,213,231,263,265,275,277,282,319,326,365,367,374,382,400,405,407,425,434,495,504,508,511,519,554,574,580,626,651,654,655,664,670,672,692,703"
"365","376,384,405,495,576,692,695,703"
"366","189,227,380"
"367","2,5,18,19,21,22,26,30,38,39,40,44,50,51,53,54,59,62,71,85,92,94,96,97,104,112,118,121,123,128,130,131,133,139,141,145,146,150,151,157,158,163,165,171,172,175,177,179,181,182,184,185,186,207,211,212,213,214,224,228,231,233,234,236,237,238,243,244,247,265,270,273,275,277,278,282,284,288,295,296,304,305,310,311,313,317,319,320,322,326,327,328,334,339,340,350,352,353,355,358,362,363,364,365,368,372,374,378,380,381,382,388,389,396,397,398,400,403,404,407,408,416,420,422,424,425,426,427,432,434,437,439,440,444,447,450,452,455,467,470,483,485,486,489,490,491,495,501,504,508,509,511,517,524,530,531,532,542,547,553,554,558,570,574,576,578,580,584,586,587,597,603,605,606,609,610,611,613,617,625,626,627,633,634,636,637,638,639,640,641,642,644,647,651,653,655,664,667,672,673,674,677,682,687,690,694,695,696,699,700,702,703,705,711,713,714,719,721,722"
"368","54,130,150,177,185,231,237,326,367,389,425,586,637,664"
"369","102,264,273,439,503,594"
"370","105,188"
"371","607"
"372","18,20,48,51,87,98,104,113,124,135,169,176,183,221,222,237,248,253,264,330,348,462,471,488,699"
"373","49,141,234,350,408,447,611"
"374","5,130,131,150,231,275,277,307,326,364,388,389,407,422,424,425,447,504,508,540,560,580,586,651,703,721,722"
"375","59,253,510,689"
"376","58,156,169,183,221,325,347,365,422,514,615,630,653,658"
"377","109,123,198"
"378","16,21,38,50,54,118,131,134,150,152,158,164,176,185,194,203,205,222,231,234,237,243,253,255,264,266,277,278,283,292,298,301,313,326,327,328,332,334,344,352,353,362,367,381,388,389,404,408,425,439,440,466,470,479,489,510,542,576,580,582,594,613,617,618,628,634,666,709"
"379","498,608"
"380","147,273,366,488,540,601,661,672"
"381","5,34,37,49,50,52,53,54,56,93,131,135,144,147,150,152,158,165,176,177,183,185,192,221,234,237,250,253,264,266,275,277,278,282,313,320,326,327,328,349,353,357,367,378,386,387,394,396,406,424,425,439,447,450,460,470,481,488,489,491,507,509,517,555,580,582,627,638,658,687,699"
"382","5,21,30,53,54,71,85,118,121,128,130,131,134,141,144,146,150,157,163,165,171,172,174,177,179,184,185,186,207,213,226,231,233,234,236,237,243,247,265,273,277,299,304,311,313,318,319,320,326,328,334,335,339,350,358,364,367,368,381,397,398,401,404,407,416,424,425,427,434,437,440,444,447,452,465,485,490,508,530,542,550,554,558,565,570,574,580,601,603,606,607,626,627,640,647,648,664,670,672,674,681,682,696,701,702,703,706,715,719,724"
"383","7,20,27,28,36,37,50,52,58,64,66,71,84,95,96,98,113,124,129,135,136,138,147,158,160,166,181,183,188,189,203,228,237,253,255,256,264,291,294,337,345,350,363,390,406,428,439,450,468,475,488,489,500,507,513,523,555,588,589,598,611,634,652,655,658,662,675,678,680,683,684,687,723"
"384","18,36,128,172,261,302,365,450,553,571,581,695"
"385","98,113,183,253,258,264,269,305,363,430,439,462,564,591,658,663"
"386",""
"387","5,439,657"
"388","54,130,131,150,218,231,233,275,277,326,367,374,378,407,424,425,485,558,580,651,703"
"389","130,131,150,237,238,324,326,347,368,374,395,425,434,437,580,589,647,694,703,722,723"
"390","308,437,582,594"
"391","4,7,11,27,34,42,47,50,51,52,56,58,59,61,68,73,84,87,98,101,104,113,135,140,147,152,160,167,168,169,176,183,188,194,195,199,203,240,253,255,256,264,269,278,289,294,303,309,314,321,327,328,333,338,345,348,363,372,392,394,428,439,450,453,456,458,463,468,471,472,475,489,507,509,516,522,533,536,545,548,555,569,575,576,593,602,604,612,638,642,643,652,658,663,676,689,693,719"
"392","35,52,59,61,84,87,90,98,113,129,147,169,176,183,188,189,203,232,253,255,256,269,281,294,323,327,329,345,391,433,450,462,468,471,528,573,578,604,652,658"
"393","50,59,175,188,237,325,488,503,627,708"
"394","20,34,47,52,58,61,68,73,82,84,87,98,113,129,147,156,160,168,169,183,188,189,204,222,230,237,239,253,255,256,269,278,294,321,345,381,391,419,428,439,468,472,475,489,521,545,548,555,568,582,598,652,658,661,716"
"395","237,356,389,582,652"
"396","5,53,71,96,100,165,237,304,319,327,343,398,488,613,622,626"
"397","5,51,54,86,118,141,147,171,185,207,211,237,350,352,367,382,480,495,526,576,580,596,610"
"398","5,30,31,54,71,121,131,133,141,150,185,211,212,231,236,237,244,247,265,277,305,313,319,323,326,339,350,358,367,382,396,425,426,431,434,437,440,444,464,477,511,530,534,537,580,587,606,627,633,639,703,722"
"399","95,96,227,347,361,475,476,573,652,659,719"
"400","9,131,172,275,277,364,425,509,560,561,601,651,677,703,717"
"401","450"
"402","103,200,550,640"
"403",""
"404","53,54,71,118,131,141,144,150,172,177,234,237,243,277,282,298,326,354,367,372,378,382,403,425,427,434,437,498,504,530,580,682,699,711,719,720"
"405","3,5,8,27,59,71,124,144,160,189,237,315,365,384,386,550,581,623,630,634,664,675,692"
"406","544,614"
"407","5,30,53,54,94,121,130,131,141,150,184,185,213,231,237,265,275,277,284,319,326,328,334,358,364,367,374,382,388,420,422,424,425,439,447,485,491,504,508,509,558,580,592,605,613,619,651,667,695,702,703,705,722"
"408","4,11,36,39,49,51,59,98,105,108,112,113,115,130,136,137,140,141,147,158,163,181,183,185,186,188,189,203,214,222,237,248,255,258,260,261,273,280,324,325,327,328,341,344,350,355,357,367,370,373,378,383,387,424,428,432,436,439,450,459,463,479,489,493,497,500,501,507,513,517,519,521,523,533,545,548,552,562,564,576,578,580,582,594,615,618,619,652,659,663,665,675,684"
"409","15,197,306,347,543,552,685"
"410","108,237"
"411","14"
"412",""
"413","3,103,118,136,350,518"
"414","54,96,257,267,496,607,616,627,635,722"
"415","140,338,436,627"
"416","5,30,54,118,121,130,131,150,157,177,185,198,213,218,231,247,277,288,304,319,326,367,382,425,434,452,570,627,644,688"
"417",""
"418","4,90,113,129,147,183,253,255,259,281,419,459,470,564,611,652,658"
"419","4,7,9,15,26,34,50,52,59,61,65,73,84,90,98,100,112,113,124,129,138,140,152,153,160,161,168,173,181,183,188,195,203,222,230,237,253,255,256,259,279,294,327,394,409,418,439,450,453,458,459,462,463,472,475,479,488,489,503,507,509,571,575,578,601,628,652,654,685,689"
"420","130,131,141,172,177,231,237,247,334,367,504,570,605,638,703"
"421","493,496,632,635"
"422","5,30,54,75,114,130,131,137,150,213,231,275,277,282,284,304,319,326,367,374,376,388,407,424,425,440,447,504,508,538,540,554,558,575,580,601,605,617,634,651,654,665,688,702,703,714,717,720,722,723"
"423","27,46,59,189,237,244,277,523,604,634,638"
"424","5,21,30,39,53,54,69,118,130,131,141,150,157,162,163,172,173,177,185,211,213,228,231,233,234,237,265,270,275,277,282,284,290,296,304,310,319,320,325,326,328,342,350,367,374,381,382,388,389,407,422,425,427,434,437,439,447,452,491,504,508,509,514,530,542,558,561,571,580,586,610,611,613,617,622,644,649,651,672,682,688,696,699,702,703,705,713,722"
"425","5,18,21,22,30,38,39,53,54,71,94,118,121,126,130,131,134,141,150,151,157,162,165,172,177,179,182,184,185,186,211,213,231,233,235,237,243,244,247,265,270,273,275,277,282,283,284,288,290,304,310,313,319,326,327,328,334,341,356,358,359,364,367,368,374,378,381,382,388,389,395,398,400,404,407,414,416,420,422,424,427,434,437,439,440,444,447,451,452,455,461,467,489,491,498,501,504,508,509,524,530,537,542,558,570,574,576,580,586,587,594,597,605,606,617,619,622,625,626,634,635,637,640,644,646,648,649,651,664,667,668,672,682,688,695,696,698,699,700,701,702,703,705,713,719,720,722"
"426","133,398"
"427","273,303,367,459"
"428","1,4,7,27,28,29,34,36,47,50,52,57,61,66,68,73,90,95,98,113,115,124,129,132,135,140,144,145,147,166,167,169,176,181,183,188,189,203,246,253,264,266,267,294,308,327,337,349,350,353,355,357,383,391,394,408,429,436,439,450,453,458,459,463,489,497,507,516,521,555,562,563,568,569,573,585,599,618,619,643,652,658,687"
"429","4,52,60,183,188,259,267,462,536,684"
"430","50,139,147,176,183,203,253,273,310,328,385,435,439,450,459,469,562,569,658,689,693"
"431","5"
"432","439,722"
"433","50,61,91,97,102,113,135,136,163,169,176,183,237,264,266,274,323,327,337,348,362,392,445,450,489,507,516,552,596,611"
"434","5,22,30,53,54,69,71,121,123,130,131,133,150,157,172,174,177,184,185,198,210,212,213,231,233,237,243,247,265,275,277,282,288,290,304,319,322,326,358,364,367,368,382,389,396,398,404,416,424,425,426,437,440,484,490,530,554,574,580,587,605,606,607,627,637,640,647,651,674,695,703,711,713,715,719"
"435","139,253,292,430,513,601"
"436","180,183,188,246,255,337,355,363,415,523,536,543,562,582"
"437","5,54,131,150,231,237,270,275,277,299,319,326,367,382,389,390,398,404,424,425,434,491,504,530,556,576,580,594,609,627,696,702,705,713,717,720,722"
"438",""
"439","4,7,9,11,15,17,18,19,20,26,27,28,29,34,35,37,38,39,42,43,46,47,48,49,50,52,56,57,59,61,64,65,66,68,71,73,82,84,87,88,90,92,93,95,96,98,102,104,105,108,112,113,114,116,118,124,128,129,131,132,135,136,137,138,140,141,142,143,144,145,147,150,152,155,156,158,160,163,164,168,169,170,173,176,178,181,183,184,188,189,190,195,200,201,203,208,211,219,222,223,224,227,228,232,234,237,253,255,256,258,260,261,262,264,267,269,273,278,281,284,285,289,291,292,294,296,303,308,309,312,314,315,321,322,327,328,331,332,334,337,341,345,347,352,353,355,357,363,367,369,370,372,375,376,378,381,383,385,387,391,392,394,401,407,408,419,423,424,425,428,430,432,445,448,450,453,456,458,459,460,462,466,468,470,471,472,475,476,479,487,488,489,493,494,498,500,503,507,509,510,511,514,515,518,521,523,524,533,538,542,545,547,549,553,555,556,562,564,568,569,571,573,576,578,579,581,582,586,588,591,592,594,595,601,604,608,611,612,619,620,622,626,628,629,631,634,638,642,643,652,653,658,663,664,665,673,676,683,685,686,687,689,693,699,703,705,709"
"440","54,118,131,150,163,166,277,326,328,367,378,382,580,660"
"441","11,50,64,179,262,464,468,569,618,634,660"
"442","563"
"443","203,229,462,553,691"
"444","5,30,54,213,231,304,367,530"
"445","28,59,98,132,188,203,253,264,280,285,353,363,427,433,439,458,459,462,542,576,581,597,612,634"
"446","46,129,143,152,183,255,497,503,507,533,588,652"
"447","5,21,30,54,130,131,141,145,150,151,172,177,182,184,185,211,213,226,231,237,244,275,277,282,304,310,319,320,323,326,328,367,373,374,381,387,401,407,422,424,425,444,478,491,504,537,570,580,627,644,651,682,699,703,707,722"
"448","38,61,88,90,112,147,188,204,208,222,253,273,281,342,439,471,488,509,545,556,568,580,655,658,673,692"
"449","176,234,243,498,521,556,697"
"450","4,7,9,26,34,38,39,42,50,57,58,59,61,64,68,73,84,90,98,101,108,110,112,113,116,129,135,138,140,142,143,144,147,153,168,169,170,176,178,183,185,188,189,194,199,203,204,209,214,221,227,230,234,237,246,253,255,256,261,264,266,269,273,278,280,285,286,292,294,303,309,320,327,337,349,351,353,357,363,381,383,384,391,392,394,401,408,418,419,428,430,433,435,439,456,458,459,462,463,471,472,475,476,479,480,489,493,501,507,509,522,533,536,542,545,560,562,568,569,571,573,576,578,579,582,594,595,596,604,615,619,628,629,630,640,652,658,663,665,667,673,678,679,685,692,697,699,720"
"451","151,211,425,455,699"
"452","5,21,54,123,130,131,150,177,185,213,231,237,243,270,277,319,326,334,367,382,416,424,674"
"453","11,61,98,147,152,169,176,183,253,255,267,269,278,303,327,328,345,391,419,428,439,489,510,569,591"
"454",""
"455","39,51,132,323,334,425,451,491,498,699"
"456","7,26,34,50,59,61,64,68,84,90,92,98,113,147,181,183,237,253,363,391,432,439,450,514,556,568,582,636,673"
"457","465"
"458","7,11,16,48,50,52,57,58,59,61,64,68,73,80,84,87,88,95,98,112,113,138,140,143,147,183,188,189,203,222,227,253,255,256,264,269,273,278,281,321,337,345,357,363,372,383,391,392,419,428,436,439,445,450,463,468,470,472,488,493,516,521,543,552,561,562,573,602,612,632,634,642,652,658,663,676,677,679,685,689,708"
"459","4,28,34,49,50,52,56,58,59,73,84,95,98,101,108,113,142,144,147,155,159,160,178,181,183,188,189,203,235,253,255,260,264,267,269,273,280,285,294,303,317,320,341,408,418,419,421,427,428,430,439,443,445,448,450,462,468,475,476,479,493,494,507,513,521,523,555,562,564,568,569,573,582,585,611,615,626,628,652,658,659,662,680,687"
"460","20,50,129,147,183,190,439,488"
"461","65,235,283,425,720"
"462","4,7,9,11,17,26,34,38,39,47,52,57,59,64,68,71,84,87,88,90,95,98,110,113,125,127,138,142,147,161,163,166,168,176,183,188,189,203,208,221,235,248,253,255,264,269,273,280,321,327,328,337,372,379,385,392,419,429,439,443,445,450,459,468,471,483,509,521,523,535,536,541,546,555,562,564,569,571,578,592,652,655,658,663,684,687"
"463","7,32,49,50,64,98,101,112,118,140,142,160,169,176,188,189,203,222,227,253,255,264,269,278,309,327,337,391,408,428,429,450,458,468,488,489,507,536,545,553,555,568,576,608,610,652,658,663,679"
"464",""
"465","85,277,299,382,457,511,550,607,717"
"466","8,75,147,188,328,352,439,614,618,665"
"467","705"
"468","7,20,34,49,50,52,58,59,61,64,68,84,90,95,98,101,102,113,115,124,129,143,144,147,158,160,168,169,176,178,183,188,189,194,203,217,253,255,256,260,264,269,273,278,309,323,328,329,331,344,345,357,372,379,383,391,392,394,406,433,439,441,443,453,456,458,459,462,463,466,473,489,521,538,543,545,548,551,564,568,569,576,592,620,628,630,632,635,642,652,658,660,683"
"469",""
"470","3,7,11,21,52,105,112,118,140,147,160,183,208,222,230,237,253,255,273,278,320,349,350,353,378,381,418,458,478,479,492,545,571,582,611,618,628,669,684,687,702"
"471","7,34,37,51,52,58,61,84,95,98,104,144,167,169,221,228,230,237,253,264,269,328,372,375,391,392,439,448,462,481,510,580,604,634,653,655"
"472","7,11,16,34,47,52,59,82,84,95,98,101,113,147,183,188,189,190,203,237,256,267,269,294,309,317,345,391,394,415,419,439,458,489,521,533,538,555,562,628,643,653,693,699"
"473","152,266,296,298,327,355,556,652"
"474","552"
"475","7,42,50,80,98,112,113,127,147,160,170,176,183,189,203,253,255,328,383,391,394,397,399,419,430,450,479,489,506,507,524,531,538,541,564,652,658,684"
"476","227,310,399,538"
"477","126"
"478","447,559"
"479","11,16,18,34,50,105,112,130,147,183,188,206,208,237,279,327,349,352,378,396,408,419,439,459,470,475,507,594,618,626,628,634,642,663,665,702"
"480",""
"481","92,256,337,471,568,586"
"482",""
"483","177,664"
"484","123,174,434"
"485","388,504"
"486","651"
"487",""
"488","46,49,50,59,64,69,71,80,84,96,98,112,113,118,135,136,140,147,152,155,160,175,176,179,188,203,204,222,234,237,253,255,259,264,273,278,285,334,348,350,352,362,372,376,380,381,383,393,396,399,400,401,419,432,439,448,458,460,463,470,474,489,503,507,509,521,529,561,573,582,583,585,611,613,634,642,652,658,663,665,686,687,693,694"
"489","1,7,11,26,27,34,36,37,38,39,42,46,50,52,64,71,75,84,93,97,98,101,112,113,116,118,124,129,131,135,138,140,141,143,145,147,150,152,158,160,165,166,169,176,181,183,185,188,189,203,222,224,234,235,237,238,246,253,255,261,264,266,278,282,284,289,291,296,303,320,323,327,328,345,347,348,353,355,367,373,378,381,383,385,391,394,408,419,425,428,429,430,433,439,440,445,450,453,463,468,472,475,479,488,493,498,507,513,521,523,545,551,552,553,555,556,564,569,573,576,578,580,582,594,604,610,611,615,617,618,620,624,628,630,634,642,643,652,653,654,658,661,663,665,673,677,679,684,685,687,693,699,702,703,717"
"490","307,326,382,434,530,596"
"491","5,53,54,130,131,150,172,185,231,266,277,284,304,319,326,328,367,381,424,425,437,447,455,580,610,638,651,668,696,699,703,713"
"492","8,152,234,304,611,702"
"493","38,49,50,59,84,85,92,98,113,132,143,163,183,188,189,196,203,222,227,237,253,273,300,306,315,328,330,337,348,373,397,421,423,430,436,439,450,459,489,503,513,518,538,552,555,562,564,573,611,628,632,638,652,684,685"
"494",""
"495","54,150,328,338,364,365,397,580,664,666,703"
"496","31,197,267,414,421"
"497","64,167,325,446"
"498","31,44,141,263,317,357,379,404,449,455,525,556,611,702,704"
"499","530,565"
"500","383"
"501","11,162,260,280,517,640"
"502","721"
"503","7,15,56,80,113,129,147,160,168,183,188,189,200,203,227,369,393,399,419,439,446,493,507,528,552,564,593,595,652,685"
"504","5,38,53,54,118,123,130,131,141,150,157,172,177,184,213,231,237,265,275,277,282,284,304,306,307,310,319,322,326,364,367,374,388,403,404,407,416,420,422,424,425,437,447,476,485,508,558,580,586,605,610,626,635,638,649,651,662,674,696,698,702,703,707,713,722"
"505",""
"506","306"
"507","4,7,11,26,34,36,49,50,52,59,80,84,95,98,102,108,112,113,115,118,124,129,135,136,138,140,143,147,158,160,165,169,183,186,188,189,192,203,222,234,237,238,240,253,255,264,266,269,278,280,320,327,328,345,349,350,352,355,381,383,385,391,408,419,428,433,436,439,446,450,453,456,459,463,470,475,479,488,489,493,497,503,522,523,545,548,552,562,564,575,576,582,608,615,618,628,629,634,652,663,673,684,687"
"508","5,30,53,54,69,130,131,150,172,182,213,231,277,307,326,330,364,367,374,382,388,407,422,424,425,504,580,640,688,697,703,720,721"
"509","9,43,46,49,50,59,65,84,129,131,135,137,143,147,158,165,167,168,173,189,228,237,253,259,261,277,297,305,311,327,328,334,353,355,364,381,384,391,400,407,418,419,424,425,439,448,450,462,467,488,534,560,568,578,580,591,592,601,616,619,629,638,651,655,664,686,699,705,713"
"510","3,4,11,37,42,48,57,59,66,84,95,98,104,113,147,152,169,180,183,189,230,232,237,250,253,255,256,259,264,269,299,327,345,375,378,417,423,429,439,453,471,569,582,594,600,619,634,652,653,665,709"
"511","327,439,670,693,705"
"512","92,353,579"
"513","39,59,181,184,189,237,294,373,435,459,582,675,680"
"514","29,64,152,183,253,255,376,424,439,456,579,634,658,673,678,681,693,694"
"515",""
"516","50,52,56,58,61,68,90,98,113,135,183,189,228,253,256,357,391,428,433,458,536,568,593"
"517","9,82,176,230,291,308,381,408,501,687"
"518","302"
"519",""
"520","66,156,619,700"
"521","11,29,34,52,57,73,84,90,91,98,113,136,140,143,147,166,169,176,183,188,189,203,232,234,235,248,253,255,264,267,269,273,320,321,327,345,385,394,408,428,439,443,449,458,459,462,468,472,479,488,489,498,523,538,548,552,562,564,568,569,585,604,620,642,652,658,663,665"
"522","36,61,87,90,98,113,147,188,203,253,278,349,391,415,450,507,533,545,553,663,665"
"523","4,11,20,28,34,46,50,52,59,66,84,90,95,98,104,105,112,113,115,137,140,141,142,143,147,152,158,170,183,188,189,203,208,222,237,253,255,269,273,278,314,315,335,337,350,357,360,383,408,423,436,439,441,445,459,462,489,507,509,521,533,538,545,562,563,568,569,615,628,643,652,660,665,687,693"
"524","273,475"
"525",""
"526","206,237,397,669"
"527",""
"528","503"
"529",""
"530","5,30,53,54,118,121,123,130,131,141,144,150,172,177,210,213,231,233,234,237,265,277,304,313,319,326,340,350,354,367,382,398,404,424,425,434,437,444,490,499,565,580,626,647,674,701,703,713,715"
"531","306,576"
"532","695"
"533","34,35,47,52,68,87,90,98,113,138,140,147,169,183,188,195,203,209,256,264,289,327,342,347,363,391,408,439,446,450,472,522,523,536,579,652,663,665,692"
"534","244,345,398,537,581,639"
"535","40,537"
"536","7,34,47,50,59,64,90,98,110,113,135,138,147,160,183,188,203,253,267,289,327,337,363,391,429,436,450,462,463,516,533,578,632,653,658,684"
"537","398,447,534,535"
"538","35,42,64,84,98,147,183,203,253,255,306,310,327,422,439,468,472,475,476,493,581,642,652,663,665"
"539",""
"540","139,261,273,354,374,380,422,427,601,609,619"
"541","253"
"542","5,16,38,39,43,50,54,59,94,96,116,118,128,130,131,138,139,144,150,151,184,201,206,211,237,249,253,264,275,277,313,316,326,342,346,357,360,363,367,378,382,384,424,425,439,445,450,479,551,553,558,580,594,617,626,638,640,642,669,672,676,679,705"
"543","19,51,143,176,238,253,255,261,409,436,573"
"544",""
"545","4,7,17,20,27,37,38,42,61,73,82,104,105,118,132,147,152,176,183,188,191,203,208,223,234,237,253,255,261,267,273,285,291,294,345,349,352,391,394,408,439,448,450,456,463,468,470,489,507,517,522,544,571,576,582,602,612,615,652,658,678,679,692,716,720"
"546",""
"547","59,367"
"548","3,20,34,52,58,84,98,108,147,168,169,253,269,345,352,391,394,408,521"
"549",""
"550","465"
"551","357,542,613"
"552","50,52,59,73,95,98,113,188,235,255,312,362,409,433,458,474,493,503,521,712"
"553","16,36,50,52,64,96,113,140,144,145,147,169,188,203,211,224,251,253,264,295,302,344,384,439,443,463,464,522,542,610,642,652,676,683,689"
"554","364,434"
"555","34,35,37,47,49,50,52,58,59,68,84,85,93,95,98,112,113,132,147,183,188,189,194,219,253,255,266,269,273,279,294,328,337,348,381,383,385,391,394,428,439,459,462,463,472,489,493,548,556,569,571,573,629,632,638,642,652,658,663,676,684,687"
"556","40,98,113,114,124,143,147,169,183,204,222,253,264,266,327,363,437,439,448,449,456,473,489,498,555,569,609"
"557",""
"558","54,130,131,150,177,184,231,275,277,319,326,367,382,388,407,424,425,504,542,580,672"
"559","359,478"
"560","259,270,297,320,351,374,400,450,509,569,578,601,609,619,671,720"
"561","88,306,400,424,464,677,681,701,722"
"562","39,98,147,163,189,203,264,273,349,430,436,439,450,459,462,493,523,631,638"
"563","90,115,234,442,523,615,652,671,689"
"564","7,52,57,80,98,107,113,124,183,189,235,253,255,264,266,330,341,385,408,418,459,462,468,475,489,493,503,506,507,521,548,591,594,635,646,652,658,659"
"565","499,530,644"
"566",""
"567",""
"568","4,20,29,37,50,52,56,61,73,84,90,92,95,98,111,129,138,140,143,167,183,188,189,203,209,242,253,255,256,264,267,278,286,312,357,392,394,428,448,456,459,463,468,481,509,516,521,523,600,615,652,658,673,693"
"569","1,7,11,31,34,36,50,64,66,84,90,98,113,139,140,141,144,147,158,160,169,181,183,188,203,232,237,238,253,255,259,261,267,269,273,327,328,359,385,391,423,428,430,439,441,443,450,453,459,462,468,471,489,498,510,511,521,523,555,556,559,560,578,582,619,634,638,643,652,658,663,665,674,678,680,684,687,699"
"570","54,130,146,150,174,177,213,231,247,277,304,313,326,335,338,382,401,414,416,420,425,447,591,647,651,698,719"
"571","11,34,128,201,255,279,336,384,439,450,462"
"572",""
"573","7,27,34,48,52,61,73,80,84,95,98,105,106,143,160,183,188,189,203,227,256,341,392,399,428,430,439,458,459,493,543,555,611,628,658,685,687"
"574","5,30,54,130,150,174,231,277,296,326,328,364,367,382,434,490,640"
"575","50,652,702"
"576","4,5,32,34,38,42,46,49,50,51,54,59,62,71,87,96,98,101,104,108,112,115,118,131,144,147,150,152,153,158,160,169,175,185,188,189,194,208,211,222,228,234,237,247,249,253,255,259,261,270,277,278,282,294,298,309,310,319,326,327,334,335,347,348,353,357,365,367,376,378,390,391,397,408,420,425,437,439,445,450,456,463,468,472,473,488,489,502,507,531,542,545,546,575,580,582,587,594,603,606,615,617,626,627,629,630,634,643,673,678,679,687,689,692,699,702,703"
"577","360"
"578","7,57,59,61,68,84,124,138,168,183,206,256,308,330,392,408,419,439,450,462,536,560,609,675,689,692"
"579","64,169,183,512,514,642,646,660"
"580","2,5,21,22,30,38,39,51,53,54,59,62,71,93,94,118,121,130,131,139,141,150,158,162,163,164,172,173,177,182,184,185,211,213,226,228,231,234,235,237,243,259,265,273,275,277,281,282,283,284,292,294,304,307,310,313,319,322,326,327,328,334,344,354,356,358,364,367,373,374,378,381,382,387,388,389,395,397,398,404,407,408,420,422,423,424,425,427,434,437,440,447,448,451,471,491,495,499,504,508,509,530,532,542,558,576,586,594,605,606,610,611,617,619,625,626,627,638,640,651,653,655,672,682,684,694,695,696,699,701,702,703,711,713,721,722"
"581","59,160,189,365,384,445,534,538,595,662,692"
"582","4,15,20,29,35,42,46,50,51,56,59,64,71,73,80,84,96,98,108,110,136,138,140,142,144,147,160,176,183,188,189,192,196,203,208,222,228,235,237,238,253,255,257,264,267,269,273,278,285,301,327,353,355,378,381,390,394,395,408,423,429,436,439,446,450,451,456,459,470,475,488,489,494,507,510,513,536,545,552,569,576,585,594,621,628,634,658,673,687,692,699"
"583",""
"584","331,586,718"
"585","3,8,29,95,203,273,280,291,474,521,599,652,658"
"586","5,26,38,54,92,130,131,135,150,172,182,208,231,265,270,277,316,319,323,326,334,367,368,374,424,425,432,481,504,580,584,592,631,636,638,641,696,699,705,707,711,713"
"587","59,71,128"
"588","135,342,355,446"
"589","101,160,183,237,263,312,383,389,403,659,662,698"
"590","153,689"
"591","9,105,152,206,237,253,264,325,346,385,453,509,564,570,658"
"592","144,320,586,699"
"593","227,345,503,516"
"594","38,46,170,181,183,203,211,235,237,249,253,255,270,279,324,328,338,342,355,369,378,390,408,425,437,439,450,473,479,489,542,551,564,576,582,628,659"
"595","39,189,503,581,597,601,692"
"596","31,35,237,255,261,327,397,490,643,686,706"
"597",""
"598","237,350"
"599","3,124,189,291,315,428,585,658,680"
"600","95,183,251,253,510,568"
"601","38,116,139,221,237,261,273,297,322,327,351,353,380,400,401,422,435,439,509,540,560,583,595,688,717"
"602","34,47,52,138"
"603","5,382,576,607,627"
"604","11,18,27,50,98,113,129,135,169,183,253,278,392,423,450,471,489,521,563,630,652,676,719"
"605","5,54,71,130,150,160,213,231,234,237,265,275,277,326,367,420,422,425,434,500,504,580,694,703,713"
"606","54,237,247,277,304,305,335,338,367,382,398,425,427,434,576,580,627,648"
"607","54,171,174,185,247,371,382,414,465,603,627,647,648,715"
"608","17,379,652"
"609","5,19,131,141,326,437,540,556,560,578,696"
"610","131,141,175,353,367,397,491,504,580,696"
"611","16,38,80,108,118,131,132,135,141,147,150,151,152,169,175,205,234,237,264,267,281,283,304,312,328,330,347,351,354,355,363,373,379,383,406,418,424,433,439,447,466,470,488,489,492,493,497,498,520,531,534,535,573,580,588,594,613,619,629,638,639,648,658,672,683,684,685,692,705"
"612","458,663"
"613","131,150,324,326,351,354,361,367,396,551,611,719"
"614","406"
"615","4,38,98,101,203,255,270,280,342,376,459,489,523,563,576,699"
"616","19,353,414,467"
"617","71,104,118,131,150,237,243,249,277,326,327,342,367,378,424,425,427,473,489,542,576,579,634,640,690,696,702,714"
"618","91,138,141,183,185,188,192,232,235,237,238,349,428,441,466,470,479,507,663"
"619","59,131,158,160,200,214,237,261,265,295,303,315,327,328,344,353,354,358,401,407,408,423,425,428,435,450,453,509,510,520,540,560,569,580,611,638,662,703"
"620","31,59,152,158,176,188,237,243,468,699,702"
"621","582"
"622","150,237,304,313,703"
"623",""
"624",""
"625",""
"626","5,53,54,71,94,96,118,121,128,130,131,141,144,150,158,163,171,179,185,189,214,231,237,257,273,277,304,326,327,364,367,382,396,425,439,459,465,479,500,504,530,542,580,607,627,640,662,672,683,687,696,702,703,705"
"627","5,21,54,85,118,121,130,149,150,157,165,171,179,185,198,231,234,237,243,247,257,274,277,299,304,313,322,326,358,367,381,382,393,398,410,414,415,416,420,434,437,447,484,603,606,607,616,622,626,639,644,647,648,670,696,702,722,724"
"628","95,160,183,188,189,237,278,283,378,401,468,470,582,594,658,710,714,719"
"629","50,98,129,189,253,357,369,439,509,576,673,683,705"
"630","48,59,61,71,98,124,128,152,160,181,183,253,278,309,343,375,376,405,467,576,604,652,658,705"
"631","32,258,562,636"
"632","227,421,493,536"
"633","298"
"634","7,9,27,46,54,59,64,71,88,96,98,104,108,128,131,144,147,150,152,166,175,192,203,204,208,222,237,253,255,282,289,292,299,310,326,327,328,334,341,353,367,378,383,402,405,422,423,425,439,440,441,445,451,458,464,471,479,488,489,507,510,514,569,576,579,582,616,617,637,643,646,652,672,673,677,681,684,703"
"635","51,150,306,310,319,414,421,504"
"636","308,456,586,631,665"
"637","22,54,150,231,233,368,426,434,634"
"638","7,20,56,59,93,131,132,142,147,150,164,183,206,227,244,250,269,273,277,295,307,309,326,327,328,330,334,337,356,367,381,391,420,423,430,439,485,491,493,504,509,542,555,562,580,586,611,619,641,651,658,663,684,695"
"639","5,134,152,237,281,328,339,398,534,670,675"
"640","5,38,39,40,53,54,128,130,131,150,157,185,211,231,277,326,329,354,367,382,402,425,434,450,501,508,542,574,617,672,719"
"641","367,586,638,651,699,713,722"
"642","7,9,18,20,34,38,40,50,59,61,64,71,84,87,90,98,113,116,126,138,139,140,143,147,163,164,183,188,194,203,249,253,255,256,260,278,286,312,332,337,363,367,391,436,439,458,468,479,488,489,521,538,542,547,553,555,579,581,598,658,663,673,676,677,719"
"643","34,50,169,188,203,334,428,439,472,569,596,652"
"644","5,54,123,130,131,150,177,184,213,231,277,319,326,367,424,425,447,565,627,682,713"
"645","28"
"646","237,249,564,579,703"
"647","44,118,130,171,177,382,389,434,484,570,597,607,627,651,669,703,722"
"648","5,36,121,171,179,213,247,277,299,328,338,341,382,425,461,550,606,607,627,639,724"
"649","131,182,504"
"650",""
"651","5,9,19,30,39,53,54,130,131,150,162,172,213,231,275,277,288,307,311,326,334,364,367,374,388,400,406,407,422,424,425,440,447,486,491,504,508,509,570,580,638,641,647,667,672,701,703,713,717,722"
"652","3,4,7,11,15,20,27,28,29,34,35,36,42,48,49,50,52,56,58,59,61,64,65,66,68,73,80,82,84,90,93,95,98,101,108,112,113,114,124,128,129,132,135,138,140,142,143,145,147,152,158,160,168,169,176,178,183,188,189,190,192,203,221,222,227,230,232,234,237,253,255,256,259,261,264,266,267,269,273,276,279,281,285,289,291,295,300,301,312,315,327,328,330,337,341,349,354,356,357,372,379,381,383,385,391,392,394,395,399,402,405,408,418,419,421,428,430,439,445,446,450,458,459,462,463,468,470,471,472,473,475,476,488,489,492,493,500,503,507,509,510,514,516,518,521,523,528,533,538,543,545,552,553,555,556,563,564,568,569,571,573,575,582,585,592,593,602,604,608,611,629,630,632,634,643,658,659,663,676,685,687,689,699,702,706"
"653","183,253,376,472,510"
"654","422"
"655","54,59,71,150,163,325,326,367,462,471,509"
"656","716"
"657","171,344,387,712"
"658","3,7,9,20,28,29,32,34,49,50,52,56,57,59,64,73,84,87,90,93,95,98,101,108,110,113,124,129,132,135,138,140,142,143,144,147,152,155,160,168,176,180,183,188,189,194,203,221,227,246,248,253,255,256,264,266,267,269,273,276,285,291,294,302,308,309,315,320,327,328,333,345,363,370,376,381,383,385,386,391,392,394,405,418,428,429,430,439,443,448,450,458,459,462,463,468,471,475,479,487,488,489,493,513,514,521,524,531,536,545,548,553,555,564,568,569,573,582,585,591,599,611,615,628,629,630,638,641,642,643,652,653,662,663,673,675,678,680,683,684,687,692,699"
"659","279,399,594,685"
"660","8,170,440,441,579"
"661","18,129,380"
"662","27,101,129,160,214,383,459,581,589,619,675,692"
"663","7,11,18,35,42,43,47,50,52,80,84,87,98,112,113,125,129,140,147,176,183,188,203,222,227,253,255,264,269,321,354,373,385,408,417,439,448,450,458,462,463,479,507,514,522,533,538,543,555,569,612,618,638,642,652,658,665,680,684"
"664","5,9,26,39,40,43,150,196,231,237,263,265,277,282,313,326,364,367,368,405,483,495,509,511,519,636,666,670"
"665","113,147,183,203,209,255,327,355,408,466,479,488,510,521,522,533,538,636,663"
"666","246,299,378,495,664,700"
"667","39,131,277,407,425,651,721"
"668",""
"669","211,237,470,526,542"
"670","26,639"
"671","563"
"672","5,30,38,40,54,94,114,128,130,131,150,151,205,231,237,273,275,277,296,313,326,364,367,380,424,425,427,542,558,580,587,611,625,626,640,651,687,696,703,713,717,719"
"673","29,52,64,71,84,98,113,152,170,183,188,203,234,237,255,278,327,448,450,456,489,507,514,568,576,629,642,693,702"
"674","5,54,121,127,133,150,177,212,231,233,237,277,326,368,434,452,494,504,530,646,695"
"675","27,28,88,144,217,291,301,308,383,405,500,513,578,639,658,662,680"
"676","47,253,553,555,642"
"677","255,262,355,366,400,458,502,549,561,634,642,718"
"678","38,59,253,363,383,514,545"
"679","253,255,278,353,363,450,463,489,576"
"680","71,124,188,349,383,459,513,599,675,693,697"
"681","64,561"
"682","5,30,54,131,150,153,172,185,213,231,265,277,290,319,326,367,382,404,424,425,447,580,644,713"
"683","43,289,439,626,629"
"684","36,38,50,59,71,98,127,131,144,147,166,188,203,237,349,370,373,383,408,429,462,470,475,489,493,507,536,555,569,580,611,634,638,663,687"
"685","7,50,65,73,176,188,203,211,222,261,289,341,363,409,419,450,503,528,573,592,652,659"
"686","19,135,176,195,303,596,689"
"687","3,9,34,39,44,51,59,98,110,124,176,181,185,188,189,221,253,255,327,337,355,357,428,451,459,470,507,511,517,523,555,569,573,582,626,652,658,672,684"
"688","10,198,277,304,422,601,721"
"689","15,19,28,42,50,64,84,87,90,96,98,140,144,152,160,169,183,211,227,253,255,269,289,363,375,391,419,430,439,441,442,553,563,578,590,652,661,673,686"
"690",""
"691","188,253,443"
"692","40,59,110,138,160,169,175,183,189,196,237,267,308,316,325,348,364,365,405,448,450,533,544,545,576,578,581,582,595,611,655,658,662"
"693","11,140,160,161,168,179,188,200,237,255,270,278,338,357,430,472,488,511,514,523,551,568,596,615,673,677,680,702"
"694","150,265"
"695","131,150,228,328,365,384,425,434,532,580,638,674,703"
"696","5,38,53,54,130,131,150,214,231,234,237,270,275,277,288,313,326,367,382,390,424,425,437,491,504,580,586,609,610,617,626,627,653,672,699,713,714,719,721"
"697","39,69,718"
"698","175,306,319,504,570,589,719"
"699","38,51,54,96,98,101,118,124,131,144,147,150,151,169,188,221,234,237,254,264,266,267,277,323,325,327,328,334,348,350,355,367,372,381,393,394,404,424,425,432,447,450,451,455,472,489,491,498,502,509,517,555,569,576,580,582,586,591,592,615,620,635,641,652,655,658,684,696,713,720,721,722,723"
"700","9,306,520,666,721"
"701","54,131,150,262,326,425,561,651,703,717,722"
"702","5,38,50,54,71,94,104,118,130,131,141,144,150,157,188,231,237,243,277,296,310,313,326,335,336,349,357,367,382,407,422,424,425,437,470,479,480,492,498,504,514,531,551,567,575,576,580,617,620,626,627,652,673,693,703,722"
"703","5,22,30,38,53,54,71,94,100,118,121,130,131,141,150,172,175,182,184,185,190,213,231,237,247,262,265,275,277,282,296,304,307,319,326,327,328,334,358,364,365,367,374,382,388,389,398,400,402,407,416,420,422,424,425,434,437,440,447,464,465,489,491,495,504,508,530,558,559,574,576,580,587,591,605,609,619,622,626,634,638,640,646,647,651,672,673,674,693,695,700,701,702,712,713,717,722"
"704","498,724"
"705","5,30,54,106,131,150,205,211,231,237,265,270,277,313,319,322,326,334,367,407,424,425,437,439,467,511,542,586,611,629,630,713"
"706","720"
"707",""
"708","163,325"
"709","510"
"710",""
"711","5,54,150,404"
"712","358,657,703"
"713","5,30,38,53,54,130,131,150,151,172,179,213,231,233,237,265,275,277,317,319,325,326,334,367,388,400,424,425,434,437,491,504,509,530,586,605,625,628,641,644,651,672,682,696,699,703,705,708,720,721"
"714","335,617"
"715","318,382,530,607"
"716","47,61,199,230,278,321,357,394,545,656"
"717","131,400,465,601,672,701,703"
"718","331,584,677,697"
"719","18,38,44,54,56,64,131,150,179,227,237,313,324,367,382,390,399,404,570,604,613,628,640,642,694,696,698"
"720","42,128,182,237,354,363,404,437,461,508,545,560,699,706,713"
"721","69,96,244,367,502,508,667,688,699,700,713"
"722","5,44,54,131,150,151,182,231,237,277,304,307,310,326,347,367,374,389,398,406,407,414,422,424,432,437,447,504,561,580,627,641,647,651,699,701,702,703,723"
"723","107,389,699"
"724","5,171,177,382,525,648,704"
